model,set,clip,peak
55e182a-dirty-c574e978-hbd0e5de/stream_state_internal_quant.tflite#cbf0ec81,pos/jay,hey_seeree_0001.wav,0.946875
55e182a-dirty-c574e978-hbd0e5de/stream_state_internal_quant.tflite#cbf0ec81,pos/jay,hey_seeree_0002.wav,0.996094
55e182a-dirty-c574e978-hbd0e5de/stream_state_internal_quant.tflite#cbf0ec81,pos/jay,hey_seeree_0003.wav,0.996094
55e182a-dirty-c574e978-hbd0e5de/stream_state_internal_quant.tflite#cbf0ec81,pos/jay,hey_seeree_0004.wav,0.995313
55e182a-dirty-c574e978-hbd0e5de/stream_state_internal_quant.tflite#cbf0ec81,pos/jay,hey_seeree_0005.wav,0.911719
55e182a-dirty-c574e978-hbd0e5de/stream_state_internal_quant.tflite#cbf0ec81,pos/jay,hey_seeree_0006.wav,0.933594
55e182a-dirty-c574e978-hbd0e5de/stream_state_internal_quant.tflite#cbf0ec81,pos/jay,hey_seeree_0007.wav,0.348438
55e182a-dirty-c574e978-hbd0e5de/stream_state_internal_quant.tflite#cbf0ec81,pos/jay,hey_seeree_0008.wav,0.996094
55e182a-dirty-c574e978-hbd0e5de/stream_state_internal_quant.tflite#cbf0ec81,pos/jay,hey_seeree_0009.wav,0.249219
55e182a-dirty-c574e978-hbd0e5de/stream_state_internal_quant.tflite#cbf0ec81,pos/jay,hey_seeree_0010.wav,0.996094
55e182a-dirty-c574e978-hbd0e5de/stream_state_internal_quant.tflite#cbf0ec81,pos/jay,hey_seeree_0011.wav,0.917969
55e182a-dirty-c574e978-hbd0e5de/stream_state_internal_quant.tflite#cbf0ec81,pos/jay,hey_seeree_0012.wav,0.995313
55e182a-dirty-c574e978-hbd0e5de/stream_state_internal_quant.tflite#cbf0ec81,pos/jay,hey_seeree_0013.wav,0.992969
55e182a-dirty-c574e978-hbd0e5de/stream_state_internal_quant.tflite#cbf0ec81,pos/jay,hey_seeree_0014.wav,0.628125
55e182a-dirty-c574e978-hbd0e5de/stream_state_internal_quant.tflite#cbf0ec81,pos/jay,hey_seeree_0015.wav,0.996094
55e182a-dirty-c574e978-hbd0e5de/stream_state_internal_quant.tflite#cbf0ec81,pos/jay,hey_seeree_0016.wav,0.996094
55e182a-dirty-c574e978-hbd0e5de/stream_state_internal_quant.tflite#cbf0ec81,pos/jay,hey_seeree_0017.wav,0.985156
55e182a-dirty-c574e978-hbd0e5de/stream_state_internal_quant.tflite#cbf0ec81,pos/jay,hey_seeree_0018.wav,0.996094
55e182a-dirty-c574e978-hbd0e5de/stream_state_internal_quant.tflite#cbf0ec81,pos/jay,hey_seeree_0019.wav,0.993750
55e182a-dirty-c574e978-hbd0e5de/stream_state_internal_quant.tflite#cbf0ec81,pos/jay,hey_seeree_0020.wav,0.987500
55e182a-dirty-c574e978-hbd0e5de/stream_state_internal_quant.tflite#cbf0ec81,pos/jay,hey_seeree_0021.wav,0.996094
55e182a-dirty-c574e978-hbd0e5de/stream_state_internal_quant.tflite#cbf0ec81,pos/jay,hey_seeree_0022.wav,0.958594
55e182a-dirty-c574e978-hbd0e5de/stream_state_internal_quant.tflite#cbf0ec81,pos/jay,hey_seeree_0023.wav,0.996094
55e182a-dirty-c574e978-hbd0e5de/stream_state_internal_quant.tflite#cbf0ec81,pos/jay,hey_seeree_0024.wav,0.984375
55e182a-dirty-c574e978-hbd0e5de/stream_state_internal_quant.tflite#cbf0ec81,pos/jay,hey_seeree_0025.wav,0.996094
55e182a-dirty-c574e978-hbd0e5de/stream_state_internal_quant.tflite#cbf0ec81,pos/jay,hey_seeree_0026.wav,0.996094
55e182a-dirty-c574e978-hbd0e5de/stream_state_internal_quant.tflite#cbf0ec81,pos/jay,hey_seeree_0027.wav,0.994531
55e182a-dirty-c574e978-hbd0e5de/stream_state_internal_quant.tflite#cbf0ec81,pos/jay,hey_seeree_0028.wav,0.982812
55e182a-dirty-c574e978-hbd0e5de/stream_state_internal_quant.tflite#cbf0ec81,pos/jay,hey_seeree_0029.wav,0.983594
55e182a-dirty-c574e978-hbd0e5de/stream_state_internal_quant.tflite#cbf0ec81,pos/jay,hey_seeree_0030.wav,0.994531
55e182a-dirty-c574e978-hbd0e5de/stream_state_internal_quant.tflite#cbf0ec81,pos/jay,hey_seeree_0031.wav,0.992969
55e182a-dirty-c574e978-hbd0e5de/stream_state_internal_quant.tflite#cbf0ec81,pos/jay,hey_seeree_0032.wav,0.995313
55e182a-dirty-c574e978-hbd0e5de/stream_state_internal_quant.tflite#cbf0ec81,pos/jay,hey_seeree_0033.wav,0.921094
55e182a-dirty-c574e978-hbd0e5de/stream_state_internal_quant.tflite#cbf0ec81,pos/jay,hey_seeree_0034.wav,0.968750
55e182a-dirty-c574e978-hbd0e5de/stream_state_internal_quant.tflite#cbf0ec81,pos/jay,hey_seeree_0035.wav,0.973437
55e182a-dirty-c574e978-hbd0e5de/stream_state_internal_quant.tflite#cbf0ec81,pos/jen,hey_seeree_0039.wav,0.191406
55e182a-dirty-c574e978-hbd0e5de/stream_state_internal_quant.tflite#cbf0ec81,pos/jen,hey_seeree_0065.wav,0.927344
55e182a-dirty-c574e978-hbd0e5de/stream_state_internal_quant.tflite#cbf0ec81,pos/jen,hey_seeree_0077.wav,0.677344
55e182a-dirty-c574e978-hbd0e5de/stream_state_internal_quant.tflite#cbf0ec81,pos/jen,hey_seeree_0083.wav,0.191406
55e182a-dirty-c574e978-hbd0e5de/stream_state_internal_quant.tflite#cbf0ec81,pos/jen,hey_seeree_0095.wav,0.742969
55e182a-dirty-c574e978-hbd0e5de/stream_state_internal_quant.tflite#cbf0ec81,pos/jen,hey_seeree_0102.wav,0.401562
55e182a-dirty-c574e978-hbd0e5de/stream_state_internal_quant.tflite#cbf0ec81,pos/jen,hey_seeree_0109.wav,0.191406
55e182a-dirty-c574e978-hbd0e5de/stream_state_internal_quant.tflite#cbf0ec81,pos/jen,hey_seeree_0110.wav,0.191406
55e182a-dirty-c574e978-hbd0e5de/stream_state_internal_quant.tflite#cbf0ec81,pos/jen,hey_seeree_0128.wav,0.898438
55e182a-dirty-c574e978-hbd0e5de/stream_state_internal_quant.tflite#cbf0ec81,pos/jen,hey_seeree_0137.wav,0.194531
55e182a-dirty-c574e978-hbd0e5de/stream_state_internal_quant.tflite#cbf0ec81,pos/ryan,hey_seeree_0027.wav,0.191406
55e182a-dirty-c574e978-hbd0e5de/stream_state_internal_quant.tflite#cbf0ec81,pos/ryan,hey_seeree_0029.wav,0.191406
55e182a-dirty-c574e978-hbd0e5de/stream_state_internal_quant.tflite#cbf0ec81,pos/ryan,hey_seeree_0031.wav,0.884375
55e182a-dirty-c574e978-hbd0e5de/stream_state_internal_quant.tflite#cbf0ec81,pos/ryan,hey_seeree_0035.wav,0.226562
55e182a-dirty-c574e978-hbd0e5de/stream_state_internal_quant.tflite#cbf0ec81,pos/ryan,hey_seeree_0036.wav,0.191406
55e182a-dirty-c574e978-hbd0e5de/stream_state_internal_quant.tflite#cbf0ec81,pos/ryan,hey_seeree_0038.wav,0.191406
55e182a-dirty-c574e978-hbd0e5de/stream_state_internal_quant.tflite#cbf0ec81,neg/command,command_044_am_eric.wav,0.191406
55e182a-dirty-c574e978-hbd0e5de/stream_state_internal_quant.tflite#cbf0ec81,neg/command,command_045_am_liam.wav,0.191406
55e182a-dirty-c574e978-hbd0e5de/stream_state_internal_quant.tflite#cbf0ec81,neg/command,command_046_am_onyx.wav,0.191406
55e182a-dirty-c574e978-hbd0e5de/stream_state_internal_quant.tflite#cbf0ec81,neg/command,command_047_am_puck.wav,0.191406
55e182a-dirty-c574e978-hbd0e5de/stream_state_internal_quant.tflite#cbf0ec81,neg/command,command_048_bf_emma.wav,0.191406
55e182a-dirty-c574e978-hbd0e5de/stream_state_internal_quant.tflite#cbf0ec81,neg/command,command_049_bf_lily.wav,0.191406
55e182a-dirty-c574e978-hbd0e5de/stream_state_internal_quant.tflite#cbf0ec81,neg/command,command_050_bf_alice.wav,0.187500
55e182a-dirty-c574e978-hbd0e5de/stream_state_internal_quant.tflite#cbf0ec81,neg/command,command_051_bm_george.wav,0.191406
55e182a-dirty-c574e978-hbd0e5de/stream_state_internal_quant.tflite#cbf0ec81,neg/command,command_052_bm_lewis.wav,0.194531
55e182a-dirty-c574e978-hbd0e5de/stream_state_internal_quant.tflite#cbf0ec81,neg/command,command_053_bm_daniel.wav,0.194531
55e182a-dirty-c574e978-hbd0e5de/stream_state_internal_quant.tflite#cbf0ec81,neg/command,command_054_af_bella.wav,0.191406
55e182a-dirty-c574e978-hbd0e5de/stream_state_internal_quant.tflite#cbf0ec81,neg/command,command_055_af_nicole.wav,0.191406
55e182a-dirty-c574e978-hbd0e5de/stream_state_internal_quant.tflite#cbf0ec81,neg/extend,extend_000_af_bella.wav,0.721094
55e182a-dirty-c574e978-hbd0e5de/stream_state_internal_quant.tflite#cbf0ec81,neg/extend,extend_001_af_nicole.wav,0.988281
55e182a-dirty-c574e978-hbd0e5de/stream_state_internal_quant.tflite#cbf0ec81,neg/extend,extend_002_af_sarah.wav,0.857031
55e182a-dirty-c574e978-hbd0e5de/stream_state_internal_quant.tflite#cbf0ec81,neg/extend,extend_003_af_sky.wav,0.191406
55e182a-dirty-c574e978-hbd0e5de/stream_state_internal_quant.tflite#cbf0ec81,neg/extend,extend_004_af_heart.wav,0.737500
55e182a-dirty-c574e978-hbd0e5de/stream_state_internal_quant.tflite#cbf0ec81,neg/extend,extend_005_af_nova.wav,0.996094
55e182a-dirty-c574e978-hbd0e5de/stream_state_internal_quant.tflite#cbf0ec81,neg/extend,extend_006_am_adam.wav,0.951562
55e182a-dirty-c574e978-hbd0e5de/stream_state_internal_quant.tflite#cbf0ec81,neg/extend,extend_007_am_michael.wav,0.256250
55e182a-dirty-c574e978-hbd0e5de/stream_state_internal_quant.tflite#cbf0ec81,neg/extend,extend_008_am_eric.wav,0.565625
55e182a-dirty-c574e978-hbd0e5de/stream_state_internal_quant.tflite#cbf0ec81,neg/extend,extend_009_am_liam.wav,0.191406
55e182a-dirty-c574e978-hbd0e5de/stream_state_internal_quant.tflite#cbf0ec81,neg/extend,extend_010_am_onyx.wav,0.191406
55e182a-dirty-c574e978-hbd0e5de/stream_state_internal_quant.tflite#cbf0ec81,neg/extend,extend_011_am_puck.wav,0.191406
55e182a-dirty-c574e978-hbd0e5de/stream_state_internal_quant.tflite#cbf0ec81,neg/extend,extend_012_bf_emma.wav,0.191406
55e182a-dirty-c574e978-hbd0e5de/stream_state_internal_quant.tflite#cbf0ec81,neg/extend,extend_013_bf_lily.wav,0.191406
55e182a-dirty-c574e978-hbd0e5de/stream_state_internal_quant.tflite#cbf0ec81,neg/extend,extend_014_bf_alice.wav,0.191406
55e182a-dirty-c574e978-hbd0e5de/stream_state_internal_quant.tflite#cbf0ec81,neg/extend,extend_015_bm_george.wav,0.191406
55e182a-dirty-c574e978-hbd0e5de/stream_state_internal_quant.tflite#cbf0ec81,neg/extend,extend_016_bm_lewis.wav,0.732031
55e182a-dirty-c574e978-hbd0e5de/stream_state_internal_quant.tflite#cbf0ec81,neg/extend,extend_017_bm_daniel.wav,0.191406
55e182a-dirty-c574e978-hbd0e5de/stream_state_internal_quant.tflite#cbf0ec81,neg/extend,extend_018_af_bella.wav,0.745313
55e182a-dirty-c574e978-hbd0e5de/stream_state_internal_quant.tflite#cbf0ec81,neg/extend,extend_019_af_nicole.wav,0.269531
55e182a-dirty-c574e978-hbd0e5de/stream_state_internal_quant.tflite#cbf0ec81,neg/extend,extend_020_af_sarah.wav,0.686719
55e182a-dirty-c574e978-hbd0e5de/stream_state_internal_quant.tflite#cbf0ec81,neg/extend,extend_021_af_sky.wav,0.575000
55e182a-dirty-c574e978-hbd0e5de/stream_state_internal_quant.tflite#cbf0ec81,neg/extend,extend_022_af_heart.wav,0.490625
55e182a-dirty-c574e978-hbd0e5de/stream_state_internal_quant.tflite#cbf0ec81,neg/extend,extend_023_af_nova.wav,0.191406
55e182a-dirty-c574e978-hbd0e5de/stream_state_internal_quant.tflite#cbf0ec81,neg/extend,extend_024_am_adam.wav,0.471094
55e182a-dirty-c574e978-hbd0e5de/stream_state_internal_quant.tflite#cbf0ec81,neg/extend,extend_025_am_michael.wav,0.191406
55e182a-dirty-c574e978-hbd0e5de/stream_state_internal_quant.tflite#cbf0ec81,neg/extend,extend_026_am_eric.wav,0.201563
55e182a-dirty-c574e978-hbd0e5de/stream_state_internal_quant.tflite#cbf0ec81,neg/extend,extend_027_am_liam.wav,0.191406
55e182a-dirty-c574e978-hbd0e5de/stream_state_internal_quant.tflite#cbf0ec81,neg/extend,extend_028_am_onyx.wav,0.191406
55e182a-dirty-c574e978-hbd0e5de/stream_state_internal_quant.tflite#cbf0ec81,neg/extend,extend_029_am_puck.wav,0.191406
55e182a-dirty-c574e978-hbd0e5de/stream_state_internal_quant.tflite#cbf0ec81,neg/extend,extend_030_bf_emma.wav,0.191406
55e182a-dirty-c574e978-hbd0e5de/stream_state_internal_quant.tflite#cbf0ec81,neg/extend,extend_031_bf_lily.wav,0.191406
55e182a-dirty-c574e978-hbd0e5de/stream_state_internal_quant.tflite#cbf0ec81,neg/extend,extend_032_bf_alice.wav,0.191406
55e182a-dirty-c574e978-hbd0e5de/stream_state_internal_quant.tflite#cbf0ec81,neg/extend,extend_033_bm_george.wav,0.191406
55e182a-dirty-c574e978-hbd0e5de/stream_state_internal_quant.tflite#cbf0ec81,neg/extend,extend_034_bm_lewis.wav,0.191406
55e182a-dirty-c574e978-hbd0e5de/stream_state_internal_quant.tflite#cbf0ec81,neg/extend,extend_035_bm_daniel.wav,0.191406
55e182a-dirty-c574e978-hbd0e5de/stream_state_internal_quant.tflite#cbf0ec81,neg/extend,extend_036_af_bella.wav,0.191406
55e182a-dirty-c574e978-hbd0e5de/stream_state_internal_quant.tflite#cbf0ec81,neg/extend,extend_037_af_nicole.wav,0.191406
55e182a-dirty-c574e978-hbd0e5de/stream_state_internal_quant.tflite#cbf0ec81,neg/extend,extend_038_af_sarah.wav,0.598437
55e182a-dirty-c574e978-hbd0e5de/stream_state_internal_quant.tflite#cbf0ec81,neg/extend,extend_039_af_sky.wav,0.390625
55e182a-dirty-c574e978-hbd0e5de/stream_state_internal_quant.tflite#cbf0ec81,neg/extend,extend_040_af_heart.wav,0.191406
55e182a-dirty-c574e978-hbd0e5de/stream_state_internal_quant.tflite#cbf0ec81,neg/extend,extend_041_af_nova.wav,0.191406
55e182a-dirty-c574e978-hbd0e5de/stream_state_internal_quant.tflite#cbf0ec81,neg/extend,extend_042_am_adam.wav,0.257031
55e182a-dirty-c574e978-hbd0e5de/stream_state_internal_quant.tflite#cbf0ec81,neg/extend,extend_043_am_michael.wav,0.191406
55e182a-dirty-c574e978-hbd0e5de/stream_state_internal_quant.tflite#cbf0ec81,neg/extend,extend_044_am_eric.wav,0.191406
55e182a-dirty-c574e978-hbd0e5de/stream_state_internal_quant.tflite#cbf0ec81,neg/extend,extend_045_am_liam.wav,0.864062
55e182a-dirty-c574e978-hbd0e5de/stream_state_internal_quant.tflite#cbf0ec81,neg/extend,extend_046_am_onyx.wav,0.191406
55e182a-dirty-c574e978-hbd0e5de/stream_state_internal_quant.tflite#cbf0ec81,neg/extend,extend_047_am_puck.wav,0.191406
55e182a-dirty-c574e978-hbd0e5de/stream_state_internal_quant.tflite#cbf0ec81,neg/extend,extend_048_bf_emma.wav,0.191406
55e182a-dirty-c574e978-hbd0e5de/stream_state_internal_quant.tflite#cbf0ec81,neg/extend,extend_049_bf_lily.wav,0.191406
55e182a-dirty-c574e978-hbd0e5de/stream_state_internal_quant.tflite#cbf0ec81,neg/extend,extend_050_bf_alice.wav,0.191406
55e182a-dirty-c574e978-hbd0e5de/stream_state_internal_quant.tflite#cbf0ec81,neg/extend,extend_051_bm_george.wav,0.191406
55e182a-dirty-c574e978-hbd0e5de/stream_state_internal_quant.tflite#cbf0ec81,neg/extend,extend_052_bm_lewis.wav,0.191406
55e182a-dirty-c574e978-hbd0e5de/stream_state_internal_quant.tflite#cbf0ec81,neg/extend,extend_053_bm_daniel.wav,0.191406
55e182a-dirty-c574e978-hbd0e5de/stream_state_internal_quant.tflite#cbf0ec81,neg/extend,extend_054_af_bella.wav,0.200781
55e182a-dirty-c574e978-hbd0e5de/stream_state_internal_quant.tflite#cbf0ec81,neg/extend,extend_055_af_nicole.wav,0.191406
55e182a-dirty-c574e978-hbd0e5de/stream_state_internal_quant.tflite#cbf0ec81,neg/extend,extend_056_af_sarah.wav,0.191406
55e182a-dirty-c574e978-hbd0e5de/stream_state_internal_quant.tflite#cbf0ec81,neg/extend,extend_057_af_sky.wav,0.191406
55e182a-dirty-c574e978-hbd0e5de/stream_state_internal_quant.tflite#cbf0ec81,neg/extend,extend_058_af_heart.wav,0.210156
55e182a-dirty-c574e978-hbd0e5de/stream_state_internal_quant.tflite#cbf0ec81,neg/extend,extend_059_af_nova.wav,0.191406
55e182a-dirty-c574e978-hbd0e5de/stream_state_internal_quant.tflite#cbf0ec81,neg/extend,extend_060_am_adam.wav,0.191406
55e182a-dirty-c574e978-hbd0e5de/stream_state_internal_quant.tflite#cbf0ec81,neg/extend,extend_061_am_michael.wav,0.191406
55e182a-dirty-c574e978-hbd0e5de/stream_state_internal_quant.tflite#cbf0ec81,neg/extend,extend_062_am_eric.wav,0.191406
55e182a-dirty-c574e978-hbd0e5de/stream_state_internal_quant.tflite#cbf0ec81,neg/extend,extend_063_am_liam.wav,0.191406
55e182a-dirty-c574e978-hbd0e5de/stream_state_internal_quant.tflite#cbf0ec81,neg/extend,extend_064_am_onyx.wav,0.191406
55e182a-dirty-c574e978-hbd0e5de/stream_state_internal_quant.tflite#cbf0ec81,neg/extend,extend_065_am_puck.wav,0.191406
55e182a-dirty-c574e978-hbd0e5de/stream_state_internal_quant.tflite#cbf0ec81,neg/extend,extend_066_bf_emma.wav,0.194531
55e182a-dirty-c574e978-hbd0e5de/stream_state_internal_quant.tflite#cbf0ec81,neg/extend,extend_067_bf_lily.wav,0.194531
55e182a-dirty-c574e978-hbd0e5de/stream_state_internal_quant.tflite#cbf0ec81,neg/extend,extend_068_bf_alice.wav,0.194531
55e182a-dirty-c574e978-hbd0e5de/stream_state_internal_quant.tflite#cbf0ec81,neg/extend,extend_069_bm_george.wav,0.191406
55e182a-dirty-c574e978-hbd0e5de/stream_state_internal_quant.tflite#cbf0ec81,neg/extend,extend_070_bm_lewis.wav,0.191406
55e182a-dirty-c574e978-hbd0e5de/stream_state_internal_quant.tflite#cbf0ec81,neg/extend,extend_071_bm_daniel.wav,0.191406
55e182a-dirty-c574e978-hbd0e5de/stream_state_internal_quant.tflite#cbf0ec81,neg/extend,extend_072_af_bella.wav,0.191406
55e182a-dirty-c574e978-hbd0e5de/stream_state_internal_quant.tflite#cbf0ec81,neg/extend,extend_073_af_nicole.wav,0.191406
55e182a-dirty-c574e978-hbd0e5de/stream_state_internal_quant.tflite#cbf0ec81,neg/extend,extend_074_af_sarah.wav,0.191406
55e182a-dirty-c574e978-hbd0e5de/stream_state_internal_quant.tflite#cbf0ec81,neg/extend,extend_075_af_sky.wav,0.191406
55e182a-dirty-c574e978-hbd0e5de/stream_state_internal_quant.tflite#cbf0ec81,neg/extend,extend_076_af_heart.wav,0.194531
55e182a-dirty-c574e978-hbd0e5de/stream_state_internal_quant.tflite#cbf0ec81,neg/extend,extend_077_af_nova.wav,0.191406
55e182a-dirty-c574e978-hbd0e5de/stream_state_internal_quant.tflite#cbf0ec81,neg/extend,extend_078_am_adam.wav,0.191406
55e182a-dirty-c574e978-hbd0e5de/stream_state_internal_quant.tflite#cbf0ec81,neg/extend,extend_079_am_michael.wav,0.191406
55e182a-dirty-c574e978-hbd0e5de/stream_state_internal_quant.tflite#cbf0ec81,neg/extend,extend_080_am_eric.wav,0.191406
55e182a-dirty-c574e978-hbd0e5de/stream_state_internal_quant.tflite#cbf0ec81,neg/extend,extend_081_am_liam.wav,0.191406
55e182a-dirty-c574e978-hbd0e5de/stream_state_internal_quant.tflite#cbf0ec81,neg/extend,extend_082_am_onyx.wav,0.191406
55e182a-dirty-c574e978-hbd0e5de/stream_state_internal_quant.tflite#cbf0ec81,neg/extend,extend_083_am_puck.wav,0.500000
55e182a-dirty-c574e978-hbd0e5de/stream_state_internal_quant.tflite#cbf0ec81,neg/extend,extend_084_bf_emma.wav,0.191406
55e182a-dirty-c574e978-hbd0e5de/stream_state_internal_quant.tflite#cbf0ec81,neg/extend,extend_085_bf_lily.wav,0.191406
55e182a-dirty-c574e978-hbd0e5de/stream_state_internal_quant.tflite#cbf0ec81,neg/extend,extend_086_bf_alice.wav,0.191406
55e182a-dirty-c574e978-hbd0e5de/stream_state_internal_quant.tflite#cbf0ec81,neg/extend,extend_087_bm_george.wav,0.191406
55e182a-dirty-c574e978-hbd0e5de/stream_state_internal_quant.tflite#cbf0ec81,neg/extend,extend_088_bm_lewis.wav,0.191406
55e182a-dirty-c574e978-hbd0e5de/stream_state_internal_quant.tflite#cbf0ec81,neg/extend,extend_089_bm_daniel.wav,0.191406
55e182a-dirty-c574e978-hbd0e5de/stream_state_internal_quant.tflite#cbf0ec81,neg/extend,extend_090_af_bella.wav,0.899219
55e182a-dirty-c574e978-hbd0e5de/stream_state_internal_quant.tflite#cbf0ec81,neg/extend,extend_091_af_nicole.wav,0.191406
55e182a-dirty-c574e978-hbd0e5de/stream_state_internal_quant.tflite#cbf0ec81,neg/extend,extend_092_af_sarah.wav,0.191406
55e182a-dirty-c574e978-hbd0e5de/stream_state_internal_quant.tflite#cbf0ec81,neg/extend,extend_093_af_sky.wav,0.191406
55e182a-dirty-c574e978-hbd0e5de/stream_state_internal_quant.tflite#cbf0ec81,neg/extend,extend_094_af_heart.wav,0.846875
55e182a-dirty-c574e978-hbd0e5de/stream_state_internal_quant.tflite#cbf0ec81,neg/extend,extend_095_af_nova.wav,0.773438
55e182a-dirty-c574e978-hbd0e5de/stream_state_internal_quant.tflite#cbf0ec81,neg/extend,extend_096_am_adam.wav,0.308594
55e182a-dirty-c574e978-hbd0e5de/stream_state_internal_quant.tflite#cbf0ec81,neg/extend,extend_097_am_michael.wav,0.541406
55e182a-dirty-c574e978-hbd0e5de/stream_state_internal_quant.tflite#cbf0ec81,neg/extend,extend_098_am_eric.wav,0.191406
55e182a-dirty-c574e978-hbd0e5de/stream_state_internal_quant.tflite#cbf0ec81,neg/extend,extend_099_am_liam.wav,0.194531
55e182a-dirty-c574e978-hbd0e5de/stream_state_internal_quant.tflite#cbf0ec81,neg/extend,extend_100_am_onyx.wav,0.191406
55e182a-dirty-c574e978-hbd0e5de/stream_state_internal_quant.tflite#cbf0ec81,neg/extend,extend_101_am_puck.wav,0.191406
55e182a-dirty-c574e978-hbd0e5de/stream_state_internal_quant.tflite#cbf0ec81,neg/extend,extend_102_bf_emma.wav,0.191406
55e182a-dirty-c574e978-hbd0e5de/stream_state_internal_quant.tflite#cbf0ec81,neg/extend,extend_103_bf_lily.wav,0.194531
55e182a-dirty-c574e978-hbd0e5de/stream_state_internal_quant.tflite#cbf0ec81,neg/extend,extend_104_bf_alice.wav,0.198437
55e182a-dirty-c574e978-hbd0e5de/stream_state_internal_quant.tflite#cbf0ec81,neg/extend,extend_105_bm_george.wav,0.191406
55e182a-dirty-c574e978-hbd0e5de/stream_state_internal_quant.tflite#cbf0ec81,neg/extend,extend_106_bm_lewis.wav,0.194531
55e182a-dirty-c574e978-hbd0e5de/stream_state_internal_quant.tflite#cbf0ec81,neg/extend,extend_107_bm_daniel.wav,0.201563
55e182a-dirty-c574e978-hbd0e5de/stream_state_internal_quant.tflite#cbf0ec81,neg/extend,extend_108_af_bella.wav,0.191406
55e182a-dirty-c574e978-hbd0e5de/stream_state_internal_quant.tflite#cbf0ec81,neg/extend,extend_109_af_nicole.wav,0.191406
55e182a-dirty-c574e978-hbd0e5de/stream_state_internal_quant.tflite#cbf0ec81,neg/extend,extend_110_af_sarah.wav,0.201563
55e182a-dirty-c574e978-hbd0e5de/stream_state_internal_quant.tflite#cbf0ec81,neg/extend,extend_111_af_sky.wav,0.191406
55e182a-dirty-c574e978-hbd0e5de/stream_state_internal_quant.tflite#cbf0ec81,neg/extend,extend_112_af_heart.wav,0.191406
55e182a-dirty-c574e978-hbd0e5de/stream_state_internal_quant.tflite#cbf0ec81,neg/extend,extend_113_af_nova.wav,0.191406
55e182a-dirty-c574e978-hbd0e5de/stream_state_internal_quant.tflite#cbf0ec81,neg/extend,extend_114_am_adam.wav,0.272656
55e182a-dirty-c574e978-hbd0e5de/stream_state_internal_quant.tflite#cbf0ec81,neg/extend,extend_115_am_michael.wav,0.489063
55e182a-dirty-c574e978-hbd0e5de/stream_state_internal_quant.tflite#cbf0ec81,neg/extend,extend_116_am_eric.wav,0.191406
55e182a-dirty-c574e978-hbd0e5de/stream_state_internal_quant.tflite#cbf0ec81,neg/extend,extend_117_am_liam.wav,0.191406
55e182a-dirty-c574e978-hbd0e5de/stream_state_internal_quant.tflite#cbf0ec81,neg/extend,extend_118_am_onyx.wav,0.191406
55e182a-dirty-c574e978-hbd0e5de/stream_state_internal_quant.tflite#cbf0ec81,neg/extend,extend_119_am_puck.wav,0.194531
55e182a-dirty-c574e978-hbd0e5de/stream_state_internal_quant.tflite#cbf0ec81,neg/extend,extend_120_bf_emma.wav,0.191406
55e182a-dirty-c574e978-hbd0e5de/stream_state_internal_quant.tflite#cbf0ec81,neg/extend,extend_121_bf_lily.wav,0.191406
55e182a-dirty-c574e978-hbd0e5de/stream_state_internal_quant.tflite#cbf0ec81,neg/extend,extend_122_bf_alice.wav,0.191406
55e182a-dirty-c574e978-hbd0e5de/stream_state_internal_quant.tflite#cbf0ec81,neg/extend,extend_123_bm_george.wav,0.191406
55e182a-dirty-c574e978-hbd0e5de/stream_state_internal_quant.tflite#cbf0ec81,neg/extend,extend_124_bm_lewis.wav,0.191406
55e182a-dirty-c574e978-hbd0e5de/stream_state_internal_quant.tflite#cbf0ec81,neg/extend,extend_125_bm_daniel.wav,0.196875
55e182a-dirty-c574e978-hbd0e5de/stream_state_internal_quant.tflite#cbf0ec81,neg/extend,extend_126_af_bella.wav,0.913281
55e182a-dirty-c574e978-hbd0e5de/stream_state_internal_quant.tflite#cbf0ec81,neg/extend,extend_127_af_nicole.wav,0.191406
55e182a-dirty-c574e978-hbd0e5de/stream_state_internal_quant.tflite#cbf0ec81,neg/extend,extend_128_af_sarah.wav,0.194531
55e182a-dirty-c574e978-hbd0e5de/stream_state_internal_quant.tflite#cbf0ec81,neg/extend,extend_129_af_sky.wav,0.191406
55e182a-dirty-c574e978-hbd0e5de/stream_state_internal_quant.tflite#cbf0ec81,neg/extend,extend_130_af_heart.wav,0.191406
55e182a-dirty-c574e978-hbd0e5de/stream_state_internal_quant.tflite#cbf0ec81,neg/extend,extend_131_af_nova.wav,0.191406
55e182a-dirty-c574e978-hbd0e5de/stream_state_internal_quant.tflite#cbf0ec81,neg/extend,extend_132_am_adam.wav,0.191406
55e182a-dirty-c574e978-hbd0e5de/stream_state_internal_quant.tflite#cbf0ec81,neg/extend,extend_133_am_michael.wav,0.191406
55e182a-dirty-c574e978-hbd0e5de/stream_state_internal_quant.tflite#cbf0ec81,neg/extend,extend_134_am_eric.wav,0.191406
55e182a-dirty-c574e978-hbd0e5de/stream_state_internal_quant.tflite#cbf0ec81,neg/extend,extend_135_am_liam.wav,0.194531
55e182a-dirty-c574e978-hbd0e5de/stream_state_internal_quant.tflite#cbf0ec81,neg/extend,extend_136_am_onyx.wav,0.191406
55e182a-dirty-c574e978-hbd0e5de/stream_state_internal_quant.tflite#cbf0ec81,neg/extend,extend_137_am_puck.wav,0.370312
55e182a-dirty-c574e978-hbd0e5de/stream_state_internal_quant.tflite#cbf0ec81,neg/extend,extend_138_bf_emma.wav,0.194531
55e182a-dirty-c574e978-hbd0e5de/stream_state_internal_quant.tflite#cbf0ec81,neg/extend,extend_139_bf_lily.wav,0.191406
55e182a-dirty-c574e978-hbd0e5de/stream_state_internal_quant.tflite#cbf0ec81,neg/extend,extend_140_bf_alice.wav,0.191406
55e182a-dirty-c574e978-hbd0e5de/stream_state_internal_quant.tflite#cbf0ec81,neg/extend,extend_141_bm_george.wav,0.191406
55e182a-dirty-c574e978-hbd0e5de/stream_state_internal_quant.tflite#cbf0ec81,neg/extend,extend_142_bm_lewis.wav,0.191406
55e182a-dirty-c574e978-hbd0e5de/stream_state_internal_quant.tflite#cbf0ec81,neg/extend,extend_143_bm_daniel.wav,0.191406
55e182a-dirty-c574e978-hbd0e5de/stream_state_internal_quant.tflite#cbf0ec81,neg/extend,extend_144_af_bella.wav,0.191406
55e182a-dirty-c574e978-hbd0e5de/stream_state_internal_quant.tflite#cbf0ec81,neg/extend,extend_145_af_nicole.wav,0.194531
55e182a-dirty-c574e978-hbd0e5de/stream_state_internal_quant.tflite#cbf0ec81,neg/extend,extend_146_af_sarah.wav,0.254688
55e182a-dirty-c574e978-hbd0e5de/stream_state_internal_quant.tflite#cbf0ec81,neg/extend,extend_147_af_sky.wav,0.191406
55e182a-dirty-c574e978-hbd0e5de/stream_state_internal_quant.tflite#cbf0ec81,neg/general,general_064_am_onyx.wav,0.191406
55e182a-dirty-c574e978-hbd0e5de/stream_state_internal_quant.tflite#cbf0ec81,neg/general,general_065_am_puck.wav,0.191406
55e182a-dirty-c574e978-hbd0e5de/stream_state_internal_quant.tflite#cbf0ec81,neg/general,general_066_bf_emma.wav,0.194531
55e182a-dirty-c574e978-hbd0e5de/stream_state_internal_quant.tflite#cbf0ec81,neg/general,general_067_bf_lily.wav,0.191406
55e182a-dirty-c574e978-hbd0e5de/stream_state_internal_quant.tflite#cbf0ec81,neg/general,general_068_bf_alice.wav,0.194531
55e182a-dirty-c574e978-hbd0e5de/stream_state_internal_quant.tflite#cbf0ec81,neg/general,general_069_bm_george.wav,0.191406
55e182a-dirty-c574e978-hbd0e5de/stream_state_internal_quant.tflite#cbf0ec81,neg/general,general_070_bm_lewis.wav,0.191406
55e182a-dirty-c574e978-hbd0e5de/stream_state_internal_quant.tflite#cbf0ec81,neg/general,general_071_bm_daniel.wav,0.191406
55e182a-dirty-c574e978-hbd0e5de/stream_state_internal_quant.tflite#cbf0ec81,neg/general,general_072_af_bella.wav,0.191406
55e182a-dirty-c574e978-hbd0e5de/stream_state_internal_quant.tflite#cbf0ec81,neg/general,general_073_af_nicole.wav,0.191406
55e182a-dirty-c574e978-hbd0e5de/stream_state_internal_quant.tflite#cbf0ec81,neg/general,general_074_af_sarah.wav,0.191406
55e182a-dirty-c574e978-hbd0e5de/stream_state_internal_quant.tflite#cbf0ec81,neg/general,general_075_af_sky.wav,0.191406
55e182a-dirty-c574e978-hbd0e5de/stream_state_internal_quant.tflite#cbf0ec81,neg/general,general_076_af_heart.wav,0.191406
55e182a-dirty-c574e978-hbd0e5de/stream_state_internal_quant.tflite#cbf0ec81,neg/general,general_077_af_nova.wav,0.191406
55e182a-dirty-c574e978-hbd0e5de/stream_state_internal_quant.tflite#cbf0ec81,neg/general,general_078_am_adam.wav,0.191406
55e182a-dirty-c574e978-hbd0e5de/stream_state_internal_quant.tflite#cbf0ec81,neg/general,general_079_am_michael.wav,0.194531
55e182a-dirty-c574e978-hbd0e5de/stream_state_internal_quant.tflite#cbf0ec81,neg/general,general_080_am_eric.wav,0.191406
55e182a-dirty-c574e978-hbd0e5de/stream_state_internal_quant.tflite#cbf0ec81,neg/general,general_081_am_liam.wav,0.191406
55e182a-dirty-c574e978-hbd0e5de/stream_state_internal_quant.tflite#cbf0ec81,neg/general,general_082_am_onyx.wav,0.191406
55e182a-dirty-c574e978-hbd0e5de/stream_state_internal_quant.tflite#cbf0ec81,neg/general,general_083_am_puck.wav,0.191406
55e182a-dirty-c574e978-hbd0e5de/stream_state_internal_quant.tflite#cbf0ec81,neg/general,general_084_bf_emma.wav,0.191406
55e182a-dirty-c574e978-hbd0e5de/stream_state_internal_quant.tflite#cbf0ec81,neg/general,general_085_bf_lily.wav,0.191406
55e182a-dirty-c574e978-hbd0e5de/stream_state_internal_quant.tflite#cbf0ec81,neg/general,general_086_bf_alice.wav,0.191406
55e182a-dirty-c574e978-hbd0e5de/stream_state_internal_quant.tflite#cbf0ec81,neg/general,general_087_bm_george.wav,0.191406
55e182a-dirty-c574e978-hbd0e5de/stream_state_internal_quant.tflite#cbf0ec81,neg/general,general_088_bm_lewis.wav,0.191406
55e182a-dirty-c574e978-hbd0e5de/stream_state_internal_quant.tflite#cbf0ec81,neg/general,general_089_bm_daniel.wav,0.194531
55e182a-dirty-c574e978-hbd0e5de/stream_state_internal_quant.tflite#cbf0ec81,neg/general,general_090_af_bella.wav,0.725000
55e182a-dirty-c574e978-hbd0e5de/stream_state_internal_quant.tflite#cbf0ec81,neg/general,general_091_af_nicole.wav,0.191406
55e182a-dirty-c574e978-hbd0e5de/stream_state_internal_quant.tflite#cbf0ec81,neg/general,general_092_af_sarah.wav,0.191406
55e182a-dirty-c574e978-hbd0e5de/stream_state_internal_quant.tflite#cbf0ec81,neg/general,general_093_af_sky.wav,0.191406
55e182a-dirty-c574e978-hbd0e5de/stream_state_internal_quant.tflite#cbf0ec81,neg/general,general_094_af_heart.wav,0.191406
55e182a-dirty-c574e978-hbd0e5de/stream_state_internal_quant.tflite#cbf0ec81,neg/general,general_095_af_nova.wav,0.194531
55e182a-dirty-c574e978-hbd0e5de/stream_state_internal_quant.tflite#cbf0ec81,neg/general,general_096_am_adam.wav,0.191406
55e182a-dirty-c574e978-hbd0e5de/stream_state_internal_quant.tflite#cbf0ec81,neg/general,general_097_am_michael.wav,0.191406
55e182a-dirty-c574e978-hbd0e5de/stream_state_internal_quant.tflite#cbf0ec81,neg/general,general_098_am_eric.wav,0.191406
55e182a-dirty-c574e978-hbd0e5de/stream_state_internal_quant.tflite#cbf0ec81,neg/general,general_099_am_liam.wav,0.191406
55e182a-dirty-c574e978-hbd0e5de/stream_state_internal_quant.tflite#cbf0ec81,neg/hey_other,hey_other_148_af_heart.wav,0.861719
55e182a-dirty-c574e978-hbd0e5de/stream_state_internal_quant.tflite#cbf0ec81,neg/hey_other,hey_other_149_af_nova.wav,0.191406
55e182a-dirty-c574e978-hbd0e5de/stream_state_internal_quant.tflite#cbf0ec81,neg/hey_other,hey_other_150_am_adam.wav,0.191406
55e182a-dirty-c574e978-hbd0e5de/stream_state_internal_quant.tflite#cbf0ec81,neg/hey_other,hey_other_151_am_michael.wav,0.543750
55e182a-dirty-c574e978-hbd0e5de/stream_state_internal_quant.tflite#cbf0ec81,neg/hey_other,hey_other_152_am_eric.wav,0.187500
55e182a-dirty-c574e978-hbd0e5de/stream_state_internal_quant.tflite#cbf0ec81,neg/hey_other,hey_other_153_am_liam.wav,0.191406
55e182a-dirty-c574e978-hbd0e5de/stream_state_internal_quant.tflite#cbf0ec81,neg/hey_other,hey_other_154_am_onyx.wav,0.191406
55e182a-dirty-c574e978-hbd0e5de/stream_state_internal_quant.tflite#cbf0ec81,neg/hey_other,hey_other_155_am_puck.wav,0.191406
55e182a-dirty-c574e978-hbd0e5de/stream_state_internal_quant.tflite#cbf0ec81,neg/hey_other,hey_other_156_bf_emma.wav,0.191406
55e182a-dirty-c574e978-hbd0e5de/stream_state_internal_quant.tflite#cbf0ec81,neg/hey_other,hey_other_157_bf_lily.wav,0.194531
55e182a-dirty-c574e978-hbd0e5de/stream_state_internal_quant.tflite#cbf0ec81,neg/hey_other,hey_other_158_bf_alice.wav,0.191406
55e182a-dirty-c574e978-hbd0e5de/stream_state_internal_quant.tflite#cbf0ec81,neg/hey_other,hey_other_159_bm_george.wav,0.260937
55e182a-dirty-c574e978-hbd0e5de/stream_state_internal_quant.tflite#cbf0ec81,neg/hey_other,hey_other_160_bm_lewis.wav,0.191406
55e182a-dirty-c574e978-hbd0e5de/stream_state_internal_quant.tflite#cbf0ec81,neg/hey_other,hey_other_161_bm_daniel.wav,0.191406
55e182a-dirty-c574e978-hbd0e5de/stream_state_internal_quant.tflite#cbf0ec81,neg/hey_other,hey_other_162_af_bella.wav,0.191406
55e182a-dirty-c574e978-hbd0e5de/stream_state_internal_quant.tflite#cbf0ec81,neg/hey_other,hey_other_163_af_nicole.wav,0.307812
55e182a-dirty-c574e978-hbd0e5de/stream_state_internal_quant.tflite#cbf0ec81,neg/hey_other,hey_other_164_af_sarah.wav,0.194531
55e182a-dirty-c574e978-hbd0e5de/stream_state_internal_quant.tflite#cbf0ec81,neg/hey_other,hey_other_165_af_sky.wav,0.191406
55e182a-dirty-c574e978-hbd0e5de/stream_state_internal_quant.tflite#cbf0ec81,neg/hey_other,hey_other_166_af_heart.wav,0.491406
55e182a-dirty-c574e978-hbd0e5de/stream_state_internal_quant.tflite#cbf0ec81,neg/hey_other,hey_other_167_af_nova.wav,0.191406
55e182a-dirty-c574e978-hbd0e5de/stream_state_internal_quant.tflite#cbf0ec81,neg/hey_other,hey_other_168_am_adam.wav,0.191406
55e182a-dirty-c574e978-hbd0e5de/stream_state_internal_quant.tflite#cbf0ec81,neg/hey_other,hey_other_169_am_michael.wav,0.191406
55e182a-dirty-c574e978-hbd0e5de/stream_state_internal_quant.tflite#cbf0ec81,neg/hey_other,hey_other_170_am_eric.wav,0.191406
55e182a-dirty-c574e978-hbd0e5de/stream_state_internal_quant.tflite#cbf0ec81,neg/hey_other,hey_other_171_am_liam.wav,0.191406
55e182a-dirty-c574e978-hbd0e5de/stream_state_internal_quant.tflite#cbf0ec81,neg/hey_other,hey_other_172_am_onyx.wav,0.191406
55e182a-dirty-c574e978-hbd0e5de/stream_state_internal_quant.tflite#cbf0ec81,neg/hey_other,hey_other_173_am_puck.wav,0.191406
55e182a-dirty-c574e978-hbd0e5de/stream_state_internal_quant.tflite#cbf0ec81,neg/hey_other,hey_other_174_bf_emma.wav,0.575000
55e182a-dirty-c574e978-hbd0e5de/stream_state_internal_quant.tflite#cbf0ec81,neg/hey_other,hey_other_175_bf_lily.wav,0.423438
55e182a-dirty-c574e978-hbd0e5de/stream_state_internal_quant.tflite#cbf0ec81,neg/hey_other,hey_other_176_bf_alice.wav,0.198437
55e182a-dirty-c574e978-hbd0e5de/stream_state_internal_quant.tflite#cbf0ec81,neg/hey_other,hey_other_177_bm_george.wav,0.191406
55e182a-dirty-c574e978-hbd0e5de/stream_state_internal_quant.tflite#cbf0ec81,neg/hey_other,hey_other_178_bm_lewis.wav,0.694531
55e182a-dirty-c574e978-hbd0e5de/stream_state_internal_quant.tflite#cbf0ec81,neg/hey_other,hey_other_179_bm_daniel.wav,0.192969
55e182a-dirty-c574e978-hbd0e5de/stream_state_internal_quant.tflite#cbf0ec81,neg/hey_other,hey_other_180_af_bella.wav,0.953125
55e182a-dirty-c574e978-hbd0e5de/stream_state_internal_quant.tflite#cbf0ec81,neg/hey_other,hey_other_181_af_nicole.wav,0.191406
55e182a-dirty-c574e978-hbd0e5de/stream_state_internal_quant.tflite#cbf0ec81,neg/hey_other,hey_other_182_af_sarah.wav,0.784375
55e182a-dirty-c574e978-hbd0e5de/stream_state_internal_quant.tflite#cbf0ec81,neg/hey_other,hey_other_183_af_sky.wav,0.191406
55e182a-dirty-c574e978-hbd0e5de/stream_state_internal_quant.tflite#cbf0ec81,neg/hey_other,hey_other_184_af_heart.wav,0.329688
55e182a-dirty-c574e978-hbd0e5de/stream_state_internal_quant.tflite#cbf0ec81,neg/hey_other,hey_other_185_af_nova.wav,0.521875
55e182a-dirty-c574e978-hbd0e5de/stream_state_internal_quant.tflite#cbf0ec81,neg/hey_other,hey_other_186_am_adam.wav,0.390625
55e182a-dirty-c574e978-hbd0e5de/stream_state_internal_quant.tflite#cbf0ec81,neg/hey_other,hey_other_187_am_michael.wav,0.191406
55e182a-dirty-c574e978-hbd0e5de/stream_state_internal_quant.tflite#cbf0ec81,neg/hey_other,hey_other_188_am_eric.wav,0.191406
55e182a-dirty-c574e978-hbd0e5de/stream_state_internal_quant.tflite#cbf0ec81,neg/hey_other,hey_other_189_am_liam.wav,0.187500
55e182a-dirty-c574e978-hbd0e5de/stream_state_internal_quant.tflite#cbf0ec81,neg/hey_other,hey_other_190_am_onyx.wav,0.191406
55e182a-dirty-c574e978-hbd0e5de/stream_state_internal_quant.tflite#cbf0ec81,neg/hey_other,hey_other_191_am_puck.wav,0.191406
55e182a-dirty-c574e978-hbd0e5de/stream_state_internal_quant.tflite#cbf0ec81,neg/hey_other,hey_other_192_bf_emma.wav,0.602344
55e182a-dirty-c574e978-hbd0e5de/stream_state_internal_quant.tflite#cbf0ec81,neg/hey_other,hey_other_193_bf_lily.wav,0.191406
55e182a-dirty-c574e978-hbd0e5de/stream_state_internal_quant.tflite#cbf0ec81,neg/hey_other,hey_other_194_bf_alice.wav,0.191406
55e182a-dirty-c574e978-hbd0e5de/stream_state_internal_quant.tflite#cbf0ec81,neg/hey_other,hey_other_195_bm_george.wav,0.191406
55e182a-dirty-c574e978-hbd0e5de/stream_state_internal_quant.tflite#cbf0ec81,neg/hey_other,hey_other_196_bm_lewis.wav,0.521875
55e182a-dirty-c574e978-hbd0e5de/stream_state_internal_quant.tflite#cbf0ec81,neg/hey_other,hey_other_197_bm_daniel.wav,0.254688
55e182a-dirty-c574e978-hbd0e5de/stream_state_internal_quant.tflite#cbf0ec81,neg/hey_other,hey_other_198_af_bella.wav,0.342969
55e182a-dirty-c574e978-hbd0e5de/stream_state_internal_quant.tflite#cbf0ec81,neg/hey_other,hey_other_199_af_nicole.wav,0.191406
55e182a-dirty-c574e978-hbd0e5de/stream_state_internal_quant.tflite#cbf0ec81,neg/hey_other,hey_other_200_af_sarah.wav,0.191406
55e182a-dirty-c574e978-hbd0e5de/stream_state_internal_quant.tflite#cbf0ec81,neg/hey_other,hey_other_201_af_sky.wav,0.313281
55e182a-dirty-c574e978-hbd0e5de/stream_state_internal_quant.tflite#cbf0ec81,neg/hey_other,hey_other_202_af_heart.wav,0.759375
55e182a-dirty-c574e978-hbd0e5de/stream_state_internal_quant.tflite#cbf0ec81,neg/hey_other,hey_other_203_af_nova.wav,0.401562
55e182a-dirty-c574e978-hbd0e5de/stream_state_internal_quant.tflite#cbf0ec81,neg/hey_other,hey_other_204_am_adam.wav,0.192969
55e182a-dirty-c574e978-hbd0e5de/stream_state_internal_quant.tflite#cbf0ec81,neg/hey_other,hey_other_205_am_michael.wav,0.191406
55e182a-dirty-c574e978-hbd0e5de/stream_state_internal_quant.tflite#cbf0ec81,neg/hey_other,hey_other_206_am_eric.wav,0.191406
55e182a-dirty-c574e978-hbd0e5de/stream_state_internal_quant.tflite#cbf0ec81,neg/hey_other,hey_other_207_am_liam.wav,0.191406
55e182a-dirty-c574e978-hbd0e5de/stream_state_internal_quant.tflite#cbf0ec81,neg/hey_other,hey_other_208_am_onyx.wav,0.191406
55e182a-dirty-c574e978-hbd0e5de/stream_state_internal_quant.tflite#cbf0ec81,neg/hey_other,hey_other_209_am_puck.wav,0.191406
55e182a-dirty-c574e978-hbd0e5de/stream_state_internal_quant.tflite#cbf0ec81,neg/hey_other,hey_other_210_bf_emma.wav,0.337500
55e182a-dirty-c574e978-hbd0e5de/stream_state_internal_quant.tflite#cbf0ec81,neg/hey_other,hey_other_211_bf_lily.wav,0.191406
55e182a-dirty-c574e978-hbd0e5de/stream_state_internal_quant.tflite#cbf0ec81,neg/hey_other,hey_other_212_bf_alice.wav,0.191406
55e182a-dirty-c574e978-hbd0e5de/stream_state_internal_quant.tflite#cbf0ec81,neg/hey_other,hey_other_213_bm_george.wav,0.851562
55e182a-dirty-c574e978-hbd0e5de/stream_state_internal_quant.tflite#cbf0ec81,neg/hey_other,hey_other_214_bm_lewis.wav,0.191406
55e182a-dirty-c574e978-hbd0e5de/stream_state_internal_quant.tflite#cbf0ec81,neg/hey_other,hey_other_215_bm_daniel.wav,0.191406
55e182a-dirty-c574e978-hbd0e5de/stream_state_internal_quant.tflite#cbf0ec81,neg/hey_other,hey_other_216_af_bella.wav,0.609375
55e182a-dirty-c574e978-hbd0e5de/stream_state_internal_quant.tflite#cbf0ec81,neg/hey_other,hey_other_217_af_nicole.wav,0.211719
55e182a-dirty-c574e978-hbd0e5de/stream_state_internal_quant.tflite#cbf0ec81,neg/hey_other,hey_other_218_af_sarah.wav,0.386719
55e182a-dirty-c574e978-hbd0e5de/stream_state_internal_quant.tflite#cbf0ec81,neg/hey_other,hey_other_219_af_sky.wav,0.191406
55e182a-dirty-c574e978-hbd0e5de/stream_state_internal_quant.tflite#cbf0ec81,neg/hey_other,hey_other_220_af_heart.wav,0.191406
55e182a-dirty-c574e978-hbd0e5de/stream_state_internal_quant.tflite#cbf0ec81,neg/hey_other,hey_other_221_af_nova.wav,0.191406
55e182a-dirty-c574e978-hbd0e5de/stream_state_internal_quant.tflite#cbf0ec81,neg/hey_other,hey_other_222_am_adam.wav,0.191406
55e182a-dirty-c574e978-hbd0e5de/stream_state_internal_quant.tflite#cbf0ec81,neg/hey_other,hey_other_223_am_michael.wav,0.191406
55e182a-dirty-c574e978-hbd0e5de/stream_state_internal_quant.tflite#cbf0ec81,neg/hey_other,hey_other_224_am_eric.wav,0.191406
55e182a-dirty-c574e978-hbd0e5de/stream_state_internal_quant.tflite#cbf0ec81,neg/hey_other,hey_other_225_am_liam.wav,0.191406
55e182a-dirty-c574e978-hbd0e5de/stream_state_internal_quant.tflite#cbf0ec81,neg/hey_other,hey_other_226_am_onyx.wav,0.191406
55e182a-dirty-c574e978-hbd0e5de/stream_state_internal_quant.tflite#cbf0ec81,neg/hey_other,hey_other_227_am_puck.wav,0.191406
55e182a-dirty-c574e978-hbd0e5de/stream_state_internal_quant.tflite#cbf0ec81,neg/hey_other,hey_other_228_bf_emma.wav,0.191406
55e182a-dirty-c574e978-hbd0e5de/stream_state_internal_quant.tflite#cbf0ec81,neg/hey_other,hey_other_229_bf_lily.wav,0.191406
55e182a-dirty-c574e978-hbd0e5de/stream_state_internal_quant.tflite#cbf0ec81,neg/hey_other,hey_other_230_bf_alice.wav,0.191406
55e182a-dirty-c574e978-hbd0e5de/stream_state_internal_quant.tflite#cbf0ec81,neg/hey_other,hey_other_231_bm_george.wav,0.191406
55e182a-dirty-c574e978-hbd0e5de/stream_state_internal_quant.tflite#cbf0ec81,neg/hey_other,hey_other_232_bm_lewis.wav,0.191406
55e182a-dirty-c574e978-hbd0e5de/stream_state_internal_quant.tflite#cbf0ec81,neg/hey_other,hey_other_233_bm_daniel.wav,0.191406
55e182a-dirty-c574e978-hbd0e5de/stream_state_internal_quant.tflite#cbf0ec81,neg/hey_other,hey_other_234_af_bella.wav,0.812500
55e182a-dirty-c574e978-hbd0e5de/stream_state_internal_quant.tflite#cbf0ec81,neg/hey_other,hey_other_235_af_nicole.wav,0.191406
55e182a-dirty-c574e978-hbd0e5de/stream_state_internal_quant.tflite#cbf0ec81,neg/hey_other,hey_other_236_af_sarah.wav,0.191406
55e182a-dirty-c574e978-hbd0e5de/stream_state_internal_quant.tflite#cbf0ec81,neg/hey_other,hey_other_237_af_sky.wav,0.191406
55e182a-dirty-c574e978-hbd0e5de/stream_state_internal_quant.tflite#cbf0ec81,neg/hey_other,hey_other_238_af_heart.wav,0.425000
55e182a-dirty-c574e978-hbd0e5de/stream_state_internal_quant.tflite#cbf0ec81,neg/hey_other,hey_other_239_af_nova.wav,0.191406
55e182a-dirty-c574e978-hbd0e5de/stream_state_internal_quant.tflite#cbf0ec81,neg/hey_other,hey_other_240_am_adam.wav,0.311719
55e182a-dirty-c574e978-hbd0e5de/stream_state_internal_quant.tflite#cbf0ec81,neg/hey_other,hey_other_241_am_michael.wav,0.191406
55e182a-dirty-c574e978-hbd0e5de/stream_state_internal_quant.tflite#cbf0ec81,neg/hey_other,hey_other_242_am_eric.wav,0.191406
55e182a-dirty-c574e978-hbd0e5de/stream_state_internal_quant.tflite#cbf0ec81,neg/hey_other,hey_other_243_am_liam.wav,0.191406
55e182a-dirty-c574e978-hbd0e5de/stream_state_internal_quant.tflite#cbf0ec81,neg/hey_other,hey_other_244_am_onyx.wav,0.191406
55e182a-dirty-c574e978-hbd0e5de/stream_state_internal_quant.tflite#cbf0ec81,neg/hey_other,hey_other_245_am_puck.wav,0.204687
55e182a-dirty-c574e978-hbd0e5de/stream_state_internal_quant.tflite#cbf0ec81,neg/hey_other,hey_other_246_bf_emma.wav,0.191406
55e182a-dirty-c574e978-hbd0e5de/stream_state_internal_quant.tflite#cbf0ec81,neg/hey_other,hey_other_247_bf_lily.wav,0.191406
55e182a-dirty-c574e978-hbd0e5de/stream_state_internal_quant.tflite#cbf0ec81,neg/hey_other,hey_other_248_bf_alice.wav,0.191406
55e182a-dirty-c574e978-hbd0e5de/stream_state_internal_quant.tflite#cbf0ec81,neg/hey_other,hey_other_249_bm_george.wav,0.617188
55e182a-dirty-c574e978-hbd0e5de/stream_state_internal_quant.tflite#cbf0ec81,neg/hey_other,hey_other_250_bm_lewis.wav,0.194531
55e182a-dirty-c574e978-hbd0e5de/stream_state_internal_quant.tflite#cbf0ec81,neg/hey_other,hey_other_251_bm_daniel.wav,0.191406
55e182a-dirty-c574e978-hbd0e5de/stream_state_internal_quant.tflite#cbf0ec81,neg/hey_other,hey_other_252_af_bella.wav,0.467187
55e182a-dirty-c574e978-hbd0e5de/stream_state_internal_quant.tflite#cbf0ec81,neg/hey_other,hey_other_253_af_nicole.wav,0.191406
55e182a-dirty-c574e978-hbd0e5de/stream_state_internal_quant.tflite#cbf0ec81,neg/hey_other,hey_other_254_af_sarah.wav,0.221875
55e182a-dirty-c574e978-hbd0e5de/stream_state_internal_quant.tflite#cbf0ec81,neg/hey_other,hey_other_255_af_sky.wav,0.191406
55e182a-dirty-c574e978-hbd0e5de/stream_state_internal_quant.tflite#cbf0ec81,neg/hey_other,hey_other_256_af_heart.wav,0.321094
55e182a-dirty-c574e978-hbd0e5de/stream_state_internal_quant.tflite#cbf0ec81,neg/hey_other,hey_other_257_af_nova.wav,0.191406
55e182a-dirty-c574e978-hbd0e5de/stream_state_internal_quant.tflite#cbf0ec81,neg/hey_other,hey_other_258_am_adam.wav,0.187500
55e182a-dirty-c574e978-hbd0e5de/stream_state_internal_quant.tflite#cbf0ec81,neg/hey_other,hey_other_259_am_michael.wav,0.246875
55e182a-dirty-c574e978-hbd0e5de/stream_state_internal_quant.tflite#cbf0ec81,neg/hey_other,hey_other_260_am_eric.wav,0.191406
55e182a-dirty-c574e978-hbd0e5de/stream_state_internal_quant.tflite#cbf0ec81,neg/hey_other,hey_other_261_am_liam.wav,0.191406
55e182a-dirty-c574e978-hbd0e5de/stream_state_internal_quant.tflite#cbf0ec81,neg/hey_other,hey_other_262_am_onyx.wav,0.191406
55e182a-dirty-c574e978-hbd0e5de/stream_state_internal_quant.tflite#cbf0ec81,neg/hey_other,hey_other_263_am_puck.wav,0.191406
55e182a-dirty-c574e978-hbd0e5de/stream_state_internal_quant.tflite#cbf0ec81,neg/hey_other,hey_other_264_bf_emma.wav,0.191406
55e182a-dirty-c574e978-hbd0e5de/stream_state_internal_quant.tflite#cbf0ec81,neg/hey_other,hey_other_265_bf_lily.wav,0.191406
55e182a-dirty-c574e978-hbd0e5de/stream_state_internal_quant.tflite#cbf0ec81,neg/hey_other,hey_other_266_bf_alice.wav,0.191406
55e182a-dirty-c574e978-hbd0e5de/stream_state_internal_quant.tflite#cbf0ec81,neg/hey_other,hey_other_267_bm_george.wav,0.202344
55e182a-dirty-c574e978-hbd0e5de/stream_state_internal_quant.tflite#cbf0ec81,neg/hey_other,hey_other_268_bm_lewis.wav,0.198437
55e182a-dirty-c574e978-hbd0e5de/stream_state_internal_quant.tflite#cbf0ec81,neg/hey_other,hey_other_269_bm_daniel.wav,0.191406
55e182a-dirty-c574e978-hbd0e5de/stream_state_internal_quant.tflite#cbf0ec81,neg/hey_other,hey_other_270_af_bella.wav,0.880469
55e182a-dirty-c574e978-hbd0e5de/stream_state_internal_quant.tflite#cbf0ec81,neg/hey_other,hey_other_271_af_nicole.wav,0.191406
55e182a-dirty-c574e978-hbd0e5de/stream_state_internal_quant.tflite#cbf0ec81,neg/hey_other,hey_other_272_af_sarah.wav,0.191406
55e182a-dirty-c574e978-hbd0e5de/stream_state_internal_quant.tflite#cbf0ec81,neg/hey_other,hey_other_273_af_sky.wav,0.909375
55e182a-dirty-c574e978-hbd0e5de/stream_state_internal_quant.tflite#cbf0ec81,neg/hey_other,hey_other_274_af_heart.wav,0.191406
55e182a-dirty-c574e978-hbd0e5de/stream_state_internal_quant.tflite#cbf0ec81,neg/hey_other,hey_other_275_af_nova.wav,0.191406
55e182a-dirty-c574e978-hbd0e5de/stream_state_internal_quant.tflite#cbf0ec81,neg/hey_other,hey_other_276_am_adam.wav,0.191406
55e182a-dirty-c574e978-hbd0e5de/stream_state_internal_quant.tflite#cbf0ec81,neg/hey_other,hey_other_277_am_michael.wav,0.297656
55e182a-dirty-c574e978-hbd0e5de/stream_state_internal_quant.tflite#cbf0ec81,neg/hey_other,hey_other_278_am_eric.wav,0.191406
55e182a-dirty-c574e978-hbd0e5de/stream_state_internal_quant.tflite#cbf0ec81,neg/hey_other,hey_other_279_am_liam.wav,0.191406
55e182a-dirty-c574e978-hbd0e5de/stream_state_internal_quant.tflite#cbf0ec81,neg/hey_other,hey_other_280_am_onyx.wav,0.187500
55e182a-dirty-c574e978-hbd0e5de/stream_state_internal_quant.tflite#cbf0ec81,neg/hey_other,hey_other_281_am_puck.wav,0.191406
55e182a-dirty-c574e978-hbd0e5de/stream_state_internal_quant.tflite#cbf0ec81,neg/hey_other,hey_other_282_bf_emma.wav,0.191406
55e182a-dirty-c574e978-hbd0e5de/stream_state_internal_quant.tflite#cbf0ec81,neg/hey_other,hey_other_283_bf_lily.wav,0.191406
55e182a-dirty-c574e978-hbd0e5de/stream_state_internal_quant.tflite#cbf0ec81,neg/hey_other,hey_other_284_bf_alice.wav,0.191406
55e182a-dirty-c574e978-hbd0e5de/stream_state_internal_quant.tflite#cbf0ec81,neg/hey_other,hey_other_285_bm_george.wav,0.194531
55e182a-dirty-c574e978-hbd0e5de/stream_state_internal_quant.tflite#cbf0ec81,neg/hey_other,hey_other_286_bm_lewis.wav,0.240625
55e182a-dirty-c574e978-hbd0e5de/stream_state_internal_quant.tflite#cbf0ec81,neg/hey_other,hey_other_287_bm_daniel.wav,0.191406
55e182a-dirty-c574e978-hbd0e5de/stream_state_internal_quant.tflite#cbf0ec81,neg/hey_other,hey_other_288_af_bella.wav,0.493750
55e182a-dirty-c574e978-hbd0e5de/stream_state_internal_quant.tflite#cbf0ec81,neg/hey_other,hey_other_289_af_nicole.wav,0.191406
55e182a-dirty-c574e978-hbd0e5de/stream_state_internal_quant.tflite#cbf0ec81,neg/hey_other,hey_other_290_af_sarah.wav,0.678906
55e182a-dirty-c574e978-hbd0e5de/stream_state_internal_quant.tflite#cbf0ec81,neg/hey_other,hey_other_291_af_sky.wav,0.194531
55e182a-dirty-c574e978-hbd0e5de/stream_state_internal_quant.tflite#cbf0ec81,neg/hey_other,hey_other_292_af_heart.wav,0.585938
55e182a-dirty-c574e978-hbd0e5de/stream_state_internal_quant.tflite#cbf0ec81,neg/hey_other,hey_other_293_af_nova.wav,0.191406
55e182a-dirty-c574e978-hbd0e5de/stream_state_internal_quant.tflite#cbf0ec81,neg/hey_other,hey_other_294_am_adam.wav,0.191406
55e182a-dirty-c574e978-hbd0e5de/stream_state_internal_quant.tflite#cbf0ec81,neg/hey_other,hey_other_295_am_michael.wav,0.191406
55e182a-dirty-c574e978-hbd0e5de/stream_state_internal_quant.tflite#cbf0ec81,neg/hey_other,hey_other_296_am_eric.wav,0.191406
55e182a-dirty-c574e978-hbd0e5de/stream_state_internal_quant.tflite#cbf0ec81,neg/hey_other,hey_other_297_am_liam.wav,0.191406
55e182a-dirty-c574e978-hbd0e5de/stream_state_internal_quant.tflite#cbf0ec81,neg/other_ww,other_ww_056_af_sarah.wav,0.191406
55e182a-dirty-c574e978-hbd0e5de/stream_state_internal_quant.tflite#cbf0ec81,neg/other_ww,other_ww_057_af_sky.wav,0.191406
55e182a-dirty-c574e978-hbd0e5de/stream_state_internal_quant.tflite#cbf0ec81,neg/other_ww,other_ww_058_af_heart.wav,0.191406
55e182a-dirty-c574e978-hbd0e5de/stream_state_internal_quant.tflite#cbf0ec81,neg/other_ww,other_ww_059_af_nova.wav,0.191406
55e182a-dirty-c574e978-hbd0e5de/stream_state_internal_quant.tflite#cbf0ec81,neg/other_ww,other_ww_060_am_adam.wav,0.191406
55e182a-dirty-c574e978-hbd0e5de/stream_state_internal_quant.tflite#cbf0ec81,neg/other_ww,other_ww_061_am_michael.wav,0.194531
55e182a-dirty-c574e978-hbd0e5de/stream_state_internal_quant.tflite#cbf0ec81,neg/other_ww,other_ww_062_am_eric.wav,0.191406
55e182a-dirty-c574e978-hbd0e5de/stream_state_internal_quant.tflite#cbf0ec81,neg/other_ww,other_ww_063_am_liam.wav,0.191406
55e182a-dirty-c574e978-hbd0e5de/stream_state_internal_quant.tflite#cbf0ec81,neg/running,running_020_af_sarah.wav,0.832031
55e182a-dirty-c574e978-hbd0e5de/stream_state_internal_quant.tflite#cbf0ec81,neg/running,running_021_af_sky.wav,0.481250
55e182a-dirty-c574e978-hbd0e5de/stream_state_internal_quant.tflite#cbf0ec81,neg/running,running_022_af_heart.wav,0.191406
55e182a-dirty-c574e978-hbd0e5de/stream_state_internal_quant.tflite#cbf0ec81,neg/running,running_023_af_nova.wav,0.478125
55e182a-dirty-c574e978-hbd0e5de/stream_state_internal_quant.tflite#cbf0ec81,neg/running,running_024_am_adam.wav,0.339062
55e182a-dirty-c574e978-hbd0e5de/stream_state_internal_quant.tflite#cbf0ec81,neg/running,running_025_am_michael.wav,0.740625
55e182a-dirty-c574e978-hbd0e5de/stream_state_internal_quant.tflite#cbf0ec81,neg/running,running_026_am_eric.wav,0.194531
55e182a-dirty-c574e978-hbd0e5de/stream_state_internal_quant.tflite#cbf0ec81,neg/running,running_027_am_liam.wav,0.191406
55e182a-dirty-c574e978-hbd0e5de/stream_state_internal_quant.tflite#cbf0ec81,neg/running,running_028_am_onyx.wav,0.191406
55e182a-dirty-c574e978-hbd0e5de/stream_state_internal_quant.tflite#cbf0ec81,neg/running,running_029_am_puck.wav,0.191406
55e182a-dirty-c574e978-hbd0e5de/stream_state_internal_quant.tflite#cbf0ec81,neg/running,running_030_bf_emma.wav,0.191406
55e182a-dirty-c574e978-hbd0e5de/stream_state_internal_quant.tflite#cbf0ec81,neg/running,running_031_bf_lily.wav,0.191406
